LM_Code;LM_Name;Population_2022;Province
BUF;Buffalo City;975255;Eastern Cape
CPT;City of Cape Town;4772846;Western Cape
EC101;Dr Beyers Naude;101001;Eastern Cape
EC102;Blue Crane Route;49883;Eastern Cape
EC104;Makana;97815;Eastern Cape
EC105;Ndlambe;87797;Eastern Cape
EC106;Sundays River Valley;53256;Eastern Cape
EC108;Kouga;107014;Eastern Cape
EC109;Kou-Kamma;36487;Eastern Cape
EC121;Mbhashe;240020;Eastern Cape
EC122;Mnquma;232993;Eastern Cape
EC123;Great Kei;35990;Eastern Cape
EC124;Amahlathi;115703;Eastern Cape
EC126;Ngqushwa;68300;Eastern Cape
EC129;Raymond Mhlaba;178594;Eastern Cape
EC131;Inxuba Yethemba;77578;Eastern Cape
EC135;Intsika Yethu;128101;Eastern Cape
EC136;Emalahleni;128873;Eastern Cape
EC137;Dr AB Xuma;132799;Eastern Cape
EC138;Sakhisizwe;63981;Eastern Cape
EC139;Enoch Mgijima;297055;Eastern Cape
EC141;Elundini;141762;Eastern Cape
EC142;Senqu;147073;Eastern Cape
EC145;Walter Sisulu;104213;Eastern Cape
EC153;Ingquza Hill;354573;Eastern Cape
EC154;Port St Johns;179325;Eastern Cape
EC155;Nyandeni;304856;Eastern Cape
EC156;Kumkani Mhlontlo;186391;Eastern Cape
EC157;King Sabata Dalindyebo;476558;Eastern Cape
EC441;Matatiele;225562;Eastern Cape
EC442;Umzimvubu;214477;Eastern Cape
EC443;Winnie Madikizela-Mandela;350000;Eastern Cape
EC444;Ntabankulu;146423;Eastern Cape
EKU;Ekurhuleni;4066691;Gauteng
ETH;eThekwini;4239901;KwaZulu-Natal
FS161;Letsemeng;43101;Free State
FS162;Kopanong;51832;Free State
FS163;Mohokare;36968;Free State
FS181;Masilonyana;63800;Free State
FS182;Tokologo;29455;Free State
FS183;Tswelopele;56896;Free State
FS184;Matjhabeng;439034;Free State
FS185;Nala;90561;Free State
FS191;Setsoto;127918;Free State
FS192;Dihlabeng;130434;Free State
FS193;Nketoana;66488;Free State
FS194;Maluti a Phofung;398459;Free State
FS195;Phumelela;52224;Free State
FS196;Mantsopa;55897;Free State
FS201;Moqhaka;155410;Free State
FS203;Ngwathe;134962;Free State
FS204;Metsimaholo;158391;Free State
FS205;Mafube;61150;Free State
GT421;Emfuleni;945650;Gauteng
GT422;Midvaal;112254;Gauteng
GT423;Lesedi;132783;Gauteng
GT481;Mogale City;438217;Gauteng
GT484;Merafong City;225476;Gauteng
GT485;Rand West City;334773;Gauteng
JHB;City of Johannesburg;4803262;Gauteng
KZN212;Umdoni;156443;KwaZulu-Natal
KZN213;Umzumbe;139045;KwaZulu-Natal
KZN214;uMuziwabantu;115780;KwaZulu-Natal
KZN216;Ray Nkonyeni;362134;KwaZulu-Natal
KZN221;uMshwathi;118478;KwaZulu-Natal
KZN222;uMngeni;105069;KwaZulu-Natal
KZN223;Mpofana;33382;KwaZulu-Natal
KZN224;Impendle;36648;KwaZulu-Natal
KZN225;The Msunduzi;817725;KwaZulu-Natal
KZN226;Mkhambathini;61660;KwaZulu-Natal
KZN227;Richmond;62754;KwaZulu-Natal
KZN235;Okhahlamba;143132;KwaZulu-Natal
KZN237;Inkosi Langalibalele;230924;KwaZulu-Natal
KZN238;Alfred Duma;415036;KwaZulu-Natal
KZN241;Endumeni;100085;KwaZulu-Natal
KZN242;Nqutu;201133;KwaZulu-Natal
KZN244;Msinga;206001;KwaZulu-Natal
KZN245;Umvoti;142042;KwaZulu-Natal
KZN252;Newcastle;507710;KwaZulu-Natal
KZN253;Emadlangeni;36948;KwaZulu-Natal
KZN254;Dannhauser;142750;KwaZulu-Natal
KZN261;eDumbe;96735;KwaZulu-Natal
KZN262;uPhongolo;151541;KwaZulu-Natal
KZN263;Abaqulusi;247263;KwaZulu-Natal
KZN265;Nongoma;225278;KwaZulu-Natal
KZN266;Ulundi;221977;KwaZulu-Natal
KZN271;Umhlabuyalingana;191660;KwaZulu-Natal
KZN272;Jozini;199153;KwaZulu-Natal
KZN275;Mtubatuba;215869;KwaZulu-Natal
KZN276;Big Five Hlabisa;131755;KwaZulu-Natal
KZN281;Mfolozi;159668;KwaZulu-Natal
KZN282;uMhlathuze;412075;KwaZulu-Natal
KZN284;uMlalazi;241416;KwaZulu-Natal
KZN285;Mthonjaneni;99289;KwaZulu-Natal
KZN286;Nkandla;108896;KwaZulu-Natal
KZN291;Mandeni;180939;KwaZulu-Natal
KZN292;KwaDukuza;324912;KwaZulu-Natal
KZN293;Ndwedwe;165826;KwaZulu-Natal
KZN294;Maphumulo;110983;KwaZulu-Natal
KZN433;Greater Kokstad;81676;KwaZulu-Natal
KZN434;Ubuhlebezwe;133032;KwaZulu-Natal
KZN435;Umzimkhulu;220620;KwaZulu-Natal
KZN436;Dr Nkosazana Dlamini Zuma;128565;KwaZulu-Natal
LIM331;Greater Giyani;316841;Limpopo
LIM332;Greater Letaba;261038;Limpopo
LIM333;Greater Tzaneen;478254;Limpopo
LIM334;Ba-Phalaborwa;188603;Limpopo
LIM335;Maruleng;128137;Limpopo
LIM341;Musina;130899;Limpopo
LIM343;Thulamela;575929;Limpopo
LIM344;Makhado;502452;Limpopo
LIM345;Collins Chabane;443798;Limpopo
LIM351;Blouberg;192109;Limpopo
LIM353;Molemole;127130;Limpopo
LIM354;Polokwane;843459;Limpopo
LIM355;Lepelle-Nkumpi;284404;Limpopo
LIM361;Thabazimbi;65047;Limpopo
LIM362;Lephalale;125198;Limpopo
LIM366;Bela-Bela;64306;Limpopo
LIM367;Mogalakwena;378198;Limpopo
LIM368;Modimolle-Mookgophong;130113;Limpopo
LIM471;Ephraim Mogale;132468;Limpopo
LIM472;Elias Motsoaledi;288049;Limpopo
LIM473;Makhuduthamaga;340328;Limpopo
LIM476;Fetakgomo Tubatse;575960;Limpopo
MAN;Mangaung;811431;Free State
MP301;Chief Albert Luthuli;247664;Mpumalanga
MP302;Msukaligwa;199314;Mpumalanga
MP303;Mkhondo;255411;Mpumalanga
MP304;Dr Pixley Ka Isaka Seme;115304;Mpumalanga
MP305;Lekwa;119669;Mpumalanga
MP306;Dipaleseng;35980;Mpumalanga
MP307;Govan Mbeki;310117;Mpumalanga
MP311;Victor Khanye;106149;Mpumalanga
MP312;Emalahleni;434522;Mpumalanga
MP313;Steve Tshwete;242031;Mpumalanga
MP314;Emakhazeni;50165;Mpumalanga
MP315;Thembisile;431248;Mpumalanga
MP316;Dr JS Moroka;324855;Mpumalanga
MP321;Thaba Chweu;109223;Mpumalanga
MP324;Nkomazi;591928;Mpumalanga
MP325;Bushbuckridge;750821;Mpumalanga
MP326;City of Mbombela;818925;Mpumalanga
NC061;Richtersveld;24235;Northern Cape
NC062;Nama Khoi;67089;Northern Cape
NC064;Kamiesberg;15130;Northern Cape
NC065;Hantam;22281;Northern Cape
NC066;Karoo Hoogland;11691;Northern Cape
NC067;Khâi-Ma;8510;Northern Cape
NC071;Ubuntu;15836;Northern Cape
NC072;Umsobomvu;29555;Northern Cape
NC073;Emthanjeni;46587;Northern Cape
NC074;Kareeberg;10961;Northern Cape
NC075;Renosterberg;10843;Northern Cape
NC076;Thembelihle;22542;Northern Cape
NC077;Siyathemba;27102;Northern Cape
NC078;Siyancuma;53165;Northern Cape
NC082;Kai !Garib;85104;Northern Cape
NC084;!Kheis;21954;Northern Cape
NC085;Tsantsabane;30969;Northern Cape
NC086;Kgatelopele;19854;Northern Cape
NC087;Dawid Kruiper;125744;Northern Cape
NC091;Sol Plaatje;270078;Northern Cape
NC092;Dikgatlong;56967;Northern Cape
NC093;Magareng;26816;Northern Cape
NC094;Phokwane;80481;Northern Cape
NC451;Joe Morolong;125420;Northern Cape
NC452;Ga-Segonyana;117454;Northern Cape
NC453;Gamagara;29580;Northern Cape
NMA;Nelson Mandela Bay;1190496;Eastern Cape
NW371;Moretele;219120;North West
NW372;Madibeng;522566;North West
NW373;Rustenburg;562315;North West
NW374;Kgetlengrivier;54759;North West
NW375;Moses Kotane;265668;North West
NW381;Ratlou;128766;North West
NW382;Tswaing;128672;North West
NW383;Mahikeng;354504;North West
NW384;Ditsobotla;164176;North West
NW385;Ramotshere Moiloa;161605;North West
NW392;Naledi;63755;North West
NW393;Mamusa;70483;North West
NW394;Greater Taung;202009;North West
NW396;Lekwa-Teemane;59815;North West
NW397;Kagisano-Molopo;112130;North West
NW403;City of Matlosana;431231;North West
NW404;Maquassi Hills;90302;North West
NW405;JB Marks;212670;North West
TSH;City of Tshwane;4040315;Gauteng
WC011;Matzikama;69043;Western Cape
WC012;Cederberg;55108;Western Cape
WC013;Bergrivier;70276;Western Cape
WC014;Saldanha Bay;154635;Western Cape
WC015;Swartland;148331;Western Cape
WC022;Witzenberg;103765;Western Cape
WC023;Drakenstein;276800;Western Cape
WC024;Stellenbosch;175411;Western Cape
WC025;Breede Valley;212682;Western Cape
WC026;Langeberg;94045;Western Cape
WC031;Theewaterskloof;139563;Western Cape
WC032;Overstrand;132495;Western Cape
WC033;Cape Agulhas;40274;Western Cape
WC034;Swellendam;47114;Western Cape
WC041;Kannaland;31986;Western Cape
WC042;Hessequa;71918;Western Cape
WC043;Mossel Bay;140075;Western Cape
WC044;George;294929;Western Cape
WC045;Oudtshoorn;138257;Western Cape
WC047;Bitou;65240;Western Cape
WC048;Knysna;96055;Western Cape
WC051;Laingsburg;11366;Western Cape
WC052;Prince Albert;17836;Western Cape
WC053;Beaufort West;72972;Western Cape
